Campaign,Campaign Type,Campaign Daily Budget,Networks,Languages,Location,Ad Group,Keyword,Criterion Type,Ad Type,Final URL,Path 1,Path 2,Headline 1,Headline 2,Headline 3,Headline 4,Headline 5,Headline 6,Headline 7,Headline 8,Headline 9,Headline 10,Headline 11,Headline 12,Headline 13,Headline 14,Headline 15,Description 1,Description 2,Description 3,Description 4
Búsqueda · Sistemas IA,Search,24,Google search,es,España,Automatización de procesos,automatización con ia para pymes,Phrase,,https://alpa.digital/servicios/automatizacion-ia-pymes,,,,,,,,,,,,,,,,,,,,,
Búsqueda · Sistemas IA,Search,24,Google search,es,España,Automatización de procesos,automatizar procesos empresa,Phrase,,https://alpa.digital/servicios/automatizacion-ia-pymes,,,,,,,,,,,,,,,,,,,,,
Búsqueda · Sistemas IA,Search,24,Google search,es,España,Automatización de procesos,automatización de procesos con inteligencia artificial,Phrase,,https://alpa.digital/servicios/automatizacion-ia-pymes,,,,,,,,,,,,,,,,,,,,,
Búsqueda · Sistemas IA,Search,24,Google search,es,España,Automatización de procesos,agencia de automatización,Phrase,,https://alpa.digital/servicios/automatizacion-ia-pymes,,,,,,,,,,,,,,,,,,,,,
Búsqueda · Sistemas IA,Search,24,Google search,es,España,Automatización de procesos,automatizar facturas con ia,Phrase,,https://alpa.digital/servicios/automatizacion-ia-pymes,,,,,,,,,,,,,,,,,,,,,
Búsqueda · Sistemas IA,Search,24,Google search,es,España,Automatización de procesos,automatizar presupuestos,Phrase,,https://alpa.digital/servicios/automatizacion-ia-pymes,,,,,,,,,,,,,,,,,,,,,
Búsqueda · Sistemas IA,Search,24,Google search,es,España,Automatización de procesos,automatización con ia,Exact,,https://alpa.digital/servicios/automatizacion-ia-pymes,,,,,,,,,,,,,,,,,,,,,
Búsqueda · Sistemas IA,Search,24,Google search,es,España,Automatización de procesos,automatización ia pymes,Exact,,https://alpa.digital/servicios/automatizacion-ia-pymes,,,,,,,,,,,,,,,,,,,,,
Búsqueda · Sistemas IA,Search,24,Google search,es,España,Automatización de procesos,,,Responsive search ad,https://alpa.digital/servicios/automatizacion-ia-pymes,automatizacion,ia-pymes,Automatización con IA para pymes,Automatiza tu empresa con IA,Precio cerrado desde 1.500 €,"Facturas, presupuestos y pedidos",Con tus herramientas de siempre,Sin cambiar de programas,"Resultados en semanas, no meses",Crece hasta un sistema completo,Analiza tu web gratis,Empieza por un proceso,Formación y soporte incluidos,Reserva una llamada gratuita,"Alpa Digital · Utrera, Sevilla",,,"Diagnóstico por 490 € y automatizaciones desde 1.500 € con precio cerrado. Sede en Utrera, Sevilla.","Conectamos la IA a las herramientas que ya usas: correo, WhatsApp, CRM y facturación. Sin cambiar de sistema.",Empieza por un proceso y crece hasta un sistema completo de apps y agentes. Precio cerrado por fase.,Analiza tu web gratis en 30 segundos y descubre qué automatizar primero. Reserva una llamada sin compromiso.
Búsqueda · Sistemas IA,Search,24,Google search,es,España,Agentes de IA,agentes de ia para empresas,Phrase,,https://alpa.digital/servicios/agentes-ia-empresas,,,,,,,,,,,,,,,,,,,,,
Búsqueda · Sistemas IA,Search,24,Google search,es,España,Agentes de IA,agente de inteligencia artificial empresa,Phrase,,https://alpa.digital/servicios/agentes-ia-empresas,,,,,,,,,,,,,,,,,,,,,
Búsqueda · Sistemas IA,Search,24,Google search,es,España,Agentes de IA,chatbot whatsapp para empresas,Phrase,,https://alpa.digital/servicios/agentes-ia-empresas,,,,,,,,,,,,,,,,,,,,,
Búsqueda · Sistemas IA,Search,24,Google search,es,España,Agentes de IA,asistente virtual ia para empresas,Phrase,,https://alpa.digital/servicios/agentes-ia-empresas,,,,,,,,,,,,,,,,,,,,,
Búsqueda · Sistemas IA,Search,24,Google search,es,España,Agentes de IA,chatbot con ia para pymes,Phrase,,https://alpa.digital/servicios/agentes-ia-empresas,,,,,,,,,,,,,,,,,,,,,
Búsqueda · Sistemas IA,Search,24,Google search,es,España,Agentes de IA,atención al cliente con inteligencia artificial,Phrase,,https://alpa.digital/servicios/agentes-ia-empresas,,,,,,,,,,,,,,,,,,,,,
Búsqueda · Sistemas IA,Search,24,Google search,es,España,Agentes de IA,agentes ia empresas,Exact,,https://alpa.digital/servicios/agentes-ia-empresas,,,,,,,,,,,,,,,,,,,,,
Búsqueda · Sistemas IA,Search,24,Google search,es,España,Agentes de IA,chatbot whatsapp empresa,Exact,,https://alpa.digital/servicios/agentes-ia-empresas,,,,,,,,,,,,,,,,,,,,,
Búsqueda · Sistemas IA,Search,24,Google search,es,España,Agentes de IA,,,Responsive search ad,https://alpa.digital/servicios/agentes-ia-empresas,agentes-ia,empresas,Agentes de IA para empresas,Asistente de IA por WhatsApp,Atención al cliente 24 horas,Responde con tus datos reales,Presupuestos y citas automáticos,Escala a una persona si hace falta,Conectado a tu CRM y agenda,"Precio cerrado, sin sorpresas",Registro de cada conversación,Agente de IA a medida,Analiza tu empresa gratis,Reserva una llamada gratuita,Alpa Digital · Sevilla,,,"Diagnóstico por 490 € y automatizaciones desde 1.500 € con precio cerrado. Sede en Utrera, Sevilla.","Conectamos la IA a las herramientas que ya usas: correo, WhatsApp, CRM y facturación. Sin cambiar de sistema.",Empieza por un proceso y crece hasta un sistema completo de apps y agentes. Precio cerrado por fase.,Analiza tu web gratis en 30 segundos y descubre qué automatizar primero. Reserva una llamada sin compromiso.
Búsqueda · Sistemas IA,Search,24,Google search,es,España,Apps corporativas y software a medida,apps corporativas,Phrase,,https://alpa.digital/servicios/desarrollo-software-medida-ia,,,,,,,,,,,,,,,,,,,,,
Búsqueda · Sistemas IA,Search,24,Google search,es,España,Apps corporativas y software a medida,aplicaciones corporativas a medida,Phrase,,https://alpa.digital/servicios/desarrollo-software-medida-ia,,,,,,,,,,,,,,,,,,,,,
Búsqueda · Sistemas IA,Search,24,Google search,es,España,Apps corporativas y software a medida,desarrollo de software a medida pymes,Phrase,,https://alpa.digital/servicios/desarrollo-software-medida-ia,,,,,,,,,,,,,,,,,,,,,
Búsqueda · Sistemas IA,Search,24,Google search,es,España,Apps corporativas y software a medida,crm a medida,Phrase,,https://alpa.digital/servicios/desarrollo-software-medida-ia,,,,,,,,,,,,,,,,,,,,,
Búsqueda · Sistemas IA,Search,24,Google search,es,España,Apps corporativas y software a medida,programa a medida para empresa,Phrase,,https://alpa.digital/servicios/desarrollo-software-medida-ia,,,,,,,,,,,,,,,,,,,,,
Búsqueda · Sistemas IA,Search,24,Google search,es,España,Apps corporativas y software a medida,desarrollo de aplicaciones para empresas,Phrase,,https://alpa.digital/servicios/desarrollo-software-medida-ia,,,,,,,,,,,,,,,,,,,,,
Búsqueda · Sistemas IA,Search,24,Google search,es,España,Apps corporativas y software a medida,software de gestión a medida,Phrase,,https://alpa.digital/servicios/desarrollo-software-medida-ia,,,,,,,,,,,,,,,,,,,,,
Búsqueda · Sistemas IA,Search,24,Google search,es,España,Apps corporativas y software a medida,software a medida,Exact,,https://alpa.digital/servicios/desarrollo-software-medida-ia,,,,,,,,,,,,,,,,,,,,,
Búsqueda · Sistemas IA,Search,24,Google search,es,España,Apps corporativas y software a medida,desarrollo software a medida,Exact,,https://alpa.digital/servicios/desarrollo-software-medida-ia,,,,,,,,,,,,,,,,,,,,,
Búsqueda · Sistemas IA,Search,24,Google search,es,España,Apps corporativas y software a medida,app corporativa,Exact,,https://alpa.digital/servicios/desarrollo-software-medida-ia,,,,,,,,,,,,,,,,,,,,,
Búsqueda · Sistemas IA,Search,24,Google search,es,España,Apps corporativas y software a medida,,,Responsive search ad,https://alpa.digital/servicios/desarrollo-software-medida-ia,apps,corporativas,Apps corporativas con IA,Software a medida para tu pyme,"CRM, fichaje y certificaciones",Portal de pedidos por WhatsApp,Apps interconectadas entre sí,Un agente de IA en el centro,Primera versión en 4 a 8 semanas,"Tu código, tus datos",Sin licencias por usuario,Desarrollo por fases,Precio cerrado por fase,Reserva una llamada gratuita,"Alpa Digital · Utrera, Sevilla",,,"Diagnóstico por 490 € y automatizaciones desde 1.500 € con precio cerrado. Sede en Utrera, Sevilla.","Conectamos la IA a las herramientas que ya usas: correo, WhatsApp, CRM y facturación. Sin cambiar de sistema.",Empieza por un proceso y crece hasta un sistema completo de apps y agentes. Precio cerrado por fase.,Analiza tu web gratis en 30 segundos y descubre qué automatizar primero. Reserva una llamada sin compromiso.
Búsqueda · Sistemas IA,Search,24,Google search,es,España,IA corporativa y sistemas,sistemas de ia para empresas,Phrase,,https://alpa.digital/servicios/sistemas-ia,,,,,,,,,,,,,,,,,,,,,
Búsqueda · Sistemas IA,Search,24,Google search,es,España,IA corporativa y sistemas,ia corporativa,Phrase,,https://alpa.digital/servicios/sistemas-ia,,,,,,,,,,,,,,,,,,,,,
Búsqueda · Sistemas IA,Search,24,Google search,es,España,IA corporativa y sistemas,inteligencia artificial para empresas pymes,Phrase,,https://alpa.digital/servicios/sistemas-ia,,,,,,,,,,,,,,,,,,,,,
Búsqueda · Sistemas IA,Search,24,Google search,es,España,IA corporativa y sistemas,implantar inteligencia artificial en mi empresa,Phrase,,https://alpa.digital/servicios/sistemas-ia,,,,,,,,,,,,,,,,,,,,,
Búsqueda · Sistemas IA,Search,24,Google search,es,España,IA corporativa y sistemas,empresa de inteligencia artificial,Phrase,,https://alpa.digital/servicios/sistemas-ia,,,,,,,,,,,,,,,,,,,,,
Búsqueda · Sistemas IA,Search,24,Google search,es,España,IA corporativa y sistemas,soluciones de ia para pymes,Phrase,,https://alpa.digital/servicios/sistemas-ia,,,,,,,,,,,,,,,,,,,,,
Búsqueda · Sistemas IA,Search,24,Google search,es,España,IA corporativa y sistemas,ia para empresas,Exact,,https://alpa.digital/servicios/sistemas-ia,,,,,,,,,,,,,,,,,,,,,
Búsqueda · Sistemas IA,Search,24,Google search,es,España,IA corporativa y sistemas,ia corporativa,Exact,,https://alpa.digital/servicios/sistemas-ia,,,,,,,,,,,,,,,,,,,,,
Búsqueda · Sistemas IA,Search,24,Google search,es,España,IA corporativa y sistemas,inteligencia artificial pymes,Exact,,https://alpa.digital/servicios/sistemas-ia,,,,,,,,,,,,,,,,,,,,,
Búsqueda · Sistemas IA,Search,24,Google search,es,España,IA corporativa y sistemas,,,Responsive search ad,https://alpa.digital/servicios/sistemas-ia,sistemas,ia,Sistemas de IA para tu empresa,IA corporativa para pymes,"Apps, agentes y automatizaciones",Interconectados y gobernados por IA,"Un mismo servicio, varias escalas",Empieza por un proceso,Crece por fases con precio cerrado,Datos compartidos y supervisión,Con tus herramientas de siempre,Diagnóstico previo por 490 €,Analiza tu web gratis,Reserva una llamada gratuita,"Alpa Digital · Utrera, Sevilla",,,"Diagnóstico por 490 € y automatizaciones desde 1.500 € con precio cerrado. Sede en Utrera, Sevilla.","Conectamos la IA a las herramientas que ya usas: correo, WhatsApp, CRM y facturación. Sin cambiar de sistema.",Empieza por un proceso y crece hasta un sistema completo de apps y agentes. Precio cerrado por fase.,Analiza tu web gratis en 30 segundos y descubre qué automatizar primero. Reserva una llamada sin compromiso.
Búsqueda · Consultoría IA,Search,6,Google search,es,España,Diagnóstico y consultoría,consultoría inteligencia artificial pymes,Phrase,,https://alpa.digital/servicios/consultoria-ia-pymes,,,,,,,,,,,,,,,,,,,,,
Búsqueda · Consultoría IA,Search,6,Google search,es,España,Diagnóstico y consultoría,consultor de ia para empresas,Phrase,,https://alpa.digital/servicios/consultoria-ia-pymes,,,,,,,,,,,,,,,,,,,,,
Búsqueda · Consultoría IA,Search,6,Google search,es,España,Diagnóstico y consultoría,consultoría de automatización,Phrase,,https://alpa.digital/servicios/consultoria-ia-pymes,,,,,,,,,,,,,,,,,,,,,
Búsqueda · Consultoría IA,Search,6,Google search,es,España,Diagnóstico y consultoría,asesoría inteligencia artificial empresas,Phrase,,https://alpa.digital/servicios/consultoria-ia-pymes,,,,,,,,,,,,,,,,,,,,,
Búsqueda · Consultoría IA,Search,6,Google search,es,España,Diagnóstico y consultoría,diagnóstico de automatización,Phrase,,https://alpa.digital/servicios/consultoria-ia-pymes,,,,,,,,,,,,,,,,,,,,,
Búsqueda · Consultoría IA,Search,6,Google search,es,España,Diagnóstico y consultoría,auditoría de procesos ia,Phrase,,https://alpa.digital/servicios/consultoria-ia-pymes,,,,,,,,,,,,,,,,,,,,,
Búsqueda · Consultoría IA,Search,6,Google search,es,España,Diagnóstico y consultoría,consultoría ia pymes,Exact,,https://alpa.digital/servicios/consultoria-ia-pymes,,,,,,,,,,,,,,,,,,,,,
Búsqueda · Consultoría IA,Search,6,Google search,es,España,Diagnóstico y consultoría,consultor ia,Exact,,https://alpa.digital/servicios/consultoria-ia-pymes,,,,,,,,,,,,,,,,,,,,,
Búsqueda · Consultoría IA,Search,6,Google search,es,España,Diagnóstico y consultoría,consultoría de ia,Exact,,https://alpa.digital/servicios/consultoria-ia-pymes,,,,,,,,,,,,,,,,,,,,,
Búsqueda · Consultoría IA,Search,6,Google search,es,España,Diagnóstico y consultoría,,,Responsive search ad,https://alpa.digital/servicios/consultoria-ia-pymes,consultoria,ia,Consultoría de IA para pymes,Diagnóstico de automatización 490 €,Se descuenta si seguimos,Plan priorizado por impacto,Qué automatizar y qué no,Con las personas que hacen el trabajo,Sin permanencia,Para pymes sin equipo técnico,Un responsable de IA sin contratarlo,Analiza tu empresa gratis,Reserva una llamada gratuita,Alpa Digital · Sevilla,,,,"Diagnóstico de automatización por 490 €, se descuenta si seguimos. Plan priorizado con estimación cerrada.",I+D y pruebas de concepto con tus datos reales antes de invertir. Diseño de producto listo para construir.,Roadmap corporativo de IA a 12 meses y acompañamiento mensual desde 350 € sin permanencia.,"Sede en Utrera, Sevilla. Presencial en Andalucía occidental y remoto en toda España."
Búsqueda · Consultoría IA,Search,6,Google search,es,España,"Roadmap, I+D y diseño de producto",roadmap de inteligencia artificial empresa,Phrase,,https://alpa.digital/servicios/consultoria-ia-pymes,,,,,,,,,,,,,,,,,,,,,
Búsqueda · Consultoría IA,Search,6,Google search,es,España,"Roadmap, I+D y diseño de producto",estrategia de ia para pymes,Phrase,,https://alpa.digital/servicios/consultoria-ia-pymes,,,,,,,,,,,,,,,,,,,,,
Búsqueda · Consultoría IA,Search,6,Google search,es,España,"Roadmap, I+D y diseño de producto",prueba de concepto inteligencia artificial,Phrase,,https://alpa.digital/servicios/consultoria-ia-pymes,,,,,,,,,,,,,,,,,,,,,
Búsqueda · Consultoría IA,Search,6,Google search,es,España,"Roadmap, I+D y diseño de producto",diseño de producto con ia,Phrase,,https://alpa.digital/servicios/consultoria-ia-pymes,,,,,,,,,,,,,,,,,,,,,
Búsqueda · Consultoría IA,Search,6,Google search,es,España,"Roadmap, I+D y diseño de producto",plan de transformación digital con ia,Phrase,,https://alpa.digital/servicios/consultoria-ia-pymes,,,,,,,,,,,,,,,,,,,,,
Búsqueda · Consultoría IA,Search,6,Google search,es,España,"Roadmap, I+D y diseño de producto",roadmap ia,Exact,,https://alpa.digital/servicios/consultoria-ia-pymes,,,,,,,,,,,,,,,,,,,,,
Búsqueda · Consultoría IA,Search,6,Google search,es,España,"Roadmap, I+D y diseño de producto",estrategia ia empresa,Exact,,https://alpa.digital/servicios/consultoria-ia-pymes,,,,,,,,,,,,,,,,,,,,,
Búsqueda · Consultoría IA,Search,6,Google search,es,España,"Roadmap, I+D y diseño de producto",,,Responsive search ad,https://alpa.digital/servicios/consultoria-ia-pymes,roadmap,ia,Roadmap de IA para tu empresa,Estrategia de IA a 12 meses,Pruebas de concepto con tus datos,Diseño de producto listo para construir,Decide antes de gastar,Política de datos e IA,Acompañamiento 350 €/mes,Sin permanencia,Independiente de quién construya,Diagnóstico previo por 490 €,Reserva una llamada gratuita,Alpa Digital · Sevilla,,,,"Diagnóstico de automatización por 490 €, se descuenta si seguimos. Plan priorizado con estimación cerrada.",I+D y pruebas de concepto con tus datos reales antes de invertir. Diseño de producto listo para construir.,Roadmap corporativo de IA a 12 meses y acompañamiento mensual desde 350 € sin permanencia.,"Sede en Utrera, Sevilla. Presencial en Andalucía occidental y remoto en toda España."
Búsqueda · Local Sevilla,Search,12,Google search,es,"Sevilla, Andalucía, Spain",IA y automatización Sevilla,automatización ia sevilla,Phrase,,https://alpa.digital/automatizacion-ia/sevilla,,,,,,,,,,,,,,,,,,,,,
Búsqueda · Local Sevilla,Search,12,Google search,es,"Sevilla, Andalucía, Spain",IA y automatización Sevilla,empresa inteligencia artificial sevilla,Phrase,,https://alpa.digital/automatizacion-ia/sevilla,,,,,,,,,,,,,,,,,,,,,
Búsqueda · Local Sevilla,Search,12,Google search,es,"Sevilla, Andalucía, Spain",IA y automatización Sevilla,automatizar empresa sevilla,Phrase,,https://alpa.digital/automatizacion-ia/sevilla,,,,,,,,,,,,,,,,,,,,,
Búsqueda · Local Sevilla,Search,12,Google search,es,"Sevilla, Andalucía, Spain",IA y automatización Sevilla,agencia ia sevilla,Phrase,,https://alpa.digital/automatizacion-ia/sevilla,,,,,,,,,,,,,,,,,,,,,
Búsqueda · Local Sevilla,Search,12,Google search,es,"Sevilla, Andalucía, Spain",IA y automatización Sevilla,desarrollo software sevilla,Phrase,,https://alpa.digital/automatizacion-ia/sevilla,,,,,,,,,,,,,,,,,,,,,
Búsqueda · Local Sevilla,Search,12,Google search,es,"Sevilla, Andalucía, Spain",IA y automatización Sevilla,apps corporativas sevilla,Phrase,,https://alpa.digital/automatizacion-ia/sevilla,,,,,,,,,,,,,,,,,,,,,
Búsqueda · Local Sevilla,Search,12,Google search,es,"Sevilla, Andalucía, Spain",IA y automatización Sevilla,chatbot whatsapp sevilla,Phrase,,https://alpa.digital/automatizacion-ia/sevilla,,,,,,,,,,,,,,,,,,,,,
Búsqueda · Local Sevilla,Search,12,Google search,es,"Sevilla, Andalucía, Spain",IA y automatización Sevilla,consultoría ia sevilla,Phrase,,https://alpa.digital/automatizacion-ia/sevilla,,,,,,,,,,,,,,,,,,,,,
Búsqueda · Local Sevilla,Search,12,Google search,es,"Sevilla, Andalucía, Spain",IA y automatización Sevilla,,,Responsive search ad,https://alpa.digital/automatizacion-ia/sevilla,ia,sevilla,Automatización con IA en Sevilla,Empresa de IA en Sevilla,Visita presencial sin coste,"Sede en Utrera, Sevilla",Precio cerrado desde 1.500 €,Diagnóstico de automatización 490 €,Apps y agentes de IA para pymes de Sevilla,"Facturas, presupuestos y pedidos",Con tus herramientas de siempre,Sistemas de IA a medida,Formación y soporte incluidos,Resultados en semanas,Analiza tu web gratis,Reserva una llamada gratuita,Alpa Digital,"Diagnóstico por 490 € y automatizaciones desde 1.500 € con precio cerrado. Sede en Utrera, Sevilla.","Conectamos la IA a las herramientas que ya usas: correo, WhatsApp, CRM y facturación. Sin cambiar de sistema.",Empieza por un proceso y crece hasta un sistema completo de apps y agentes. Precio cerrado por fase.,Analiza tu web gratis en 30 segundos y descubre qué automatizar primero. Reserva una llamada sin compromiso.
Búsqueda · Local Cádiz,Search,5,Google search,es,"Cádiz, Andalucía, Spain",IA y automatización Cádiz,automatización ia cádiz,Phrase,,https://alpa.digital/automatizacion-ia/cadiz,,,,,,,,,,,,,,,,,,,,,
Búsqueda · Local Cádiz,Search,5,Google search,es,"Cádiz, Andalucía, Spain",IA y automatización Cádiz,empresa inteligencia artificial cádiz,Phrase,,https://alpa.digital/automatizacion-ia/cadiz,,,,,,,,,,,,,,,,,,,,,
Búsqueda · Local Cádiz,Search,5,Google search,es,"Cádiz, Andalucía, Spain",IA y automatización Cádiz,automatizar empresa cádiz,Phrase,,https://alpa.digital/automatizacion-ia/cadiz,,,,,,,,,,,,,,,,,,,,,
Búsqueda · Local Cádiz,Search,5,Google search,es,"Cádiz, Andalucía, Spain",IA y automatización Cádiz,agencia ia cádiz,Phrase,,https://alpa.digital/automatizacion-ia/cadiz,,,,,,,,,,,,,,,,,,,,,
Búsqueda · Local Cádiz,Search,5,Google search,es,"Cádiz, Andalucía, Spain",IA y automatización Cádiz,desarrollo software cádiz,Phrase,,https://alpa.digital/automatizacion-ia/cadiz,,,,,,,,,,,,,,,,,,,,,
Búsqueda · Local Cádiz,Search,5,Google search,es,"Cádiz, Andalucía, Spain",IA y automatización Cádiz,apps corporativas cádiz,Phrase,,https://alpa.digital/automatizacion-ia/cadiz,,,,,,,,,,,,,,,,,,,,,
Búsqueda · Local Cádiz,Search,5,Google search,es,"Cádiz, Andalucía, Spain",IA y automatización Cádiz,chatbot whatsapp cádiz,Phrase,,https://alpa.digital/automatizacion-ia/cadiz,,,,,,,,,,,,,,,,,,,,,
Búsqueda · Local Cádiz,Search,5,Google search,es,"Cádiz, Andalucía, Spain",IA y automatización Cádiz,consultoría ia cádiz,Phrase,,https://alpa.digital/automatizacion-ia/cadiz,,,,,,,,,,,,,,,,,,,,,
Búsqueda · Local Cádiz,Search,5,Google search,es,"Cádiz, Andalucía, Spain",IA y automatización Cádiz,,,Responsive search ad,https://alpa.digital/automatizacion-ia/cadiz,ia,cadiz,Automatización con IA en Cádiz,Empresa de IA en Cádiz,Visita presencial sin coste,"Sede en Utrera, Sevilla",Precio cerrado desde 1.500 €,Diagnóstico de automatización 490 €,Apps y agentes de IA para pymes de Cádiz,"Facturas, presupuestos y pedidos",Con tus herramientas de siempre,Sistemas de IA a medida,Formación y soporte incluidos,Resultados en semanas,Analiza tu web gratis,Reserva una llamada gratuita,Alpa Digital,"Diagnóstico por 490 € y automatizaciones desde 1.500 € con precio cerrado. Sede en Utrera, Sevilla.","Conectamos la IA a las herramientas que ya usas: correo, WhatsApp, CRM y facturación. Sin cambiar de sistema.",Empieza por un proceso y crece hasta un sistema completo de apps y agentes. Precio cerrado por fase.,Analiza tu web gratis en 30 segundos y descubre qué automatizar primero. Reserva una llamada sin compromiso.
Búsqueda · Local Huelva,Search,3,Google search,es,"Huelva, Andalucía, Spain",IA y automatización Huelva,automatización ia huelva,Phrase,,https://alpa.digital/automatizacion-ia/huelva,,,,,,,,,,,,,,,,,,,,,
Búsqueda · Local Huelva,Search,3,Google search,es,"Huelva, Andalucía, Spain",IA y automatización Huelva,empresa inteligencia artificial huelva,Phrase,,https://alpa.digital/automatizacion-ia/huelva,,,,,,,,,,,,,,,,,,,,,
Búsqueda · Local Huelva,Search,3,Google search,es,"Huelva, Andalucía, Spain",IA y automatización Huelva,automatizar empresa huelva,Phrase,,https://alpa.digital/automatizacion-ia/huelva,,,,,,,,,,,,,,,,,,,,,
Búsqueda · Local Huelva,Search,3,Google search,es,"Huelva, Andalucía, Spain",IA y automatización Huelva,agencia ia huelva,Phrase,,https://alpa.digital/automatizacion-ia/huelva,,,,,,,,,,,,,,,,,,,,,
Búsqueda · Local Huelva,Search,3,Google search,es,"Huelva, Andalucía, Spain",IA y automatización Huelva,desarrollo software huelva,Phrase,,https://alpa.digital/automatizacion-ia/huelva,,,,,,,,,,,,,,,,,,,,,
Búsqueda · Local Huelva,Search,3,Google search,es,"Huelva, Andalucía, Spain",IA y automatización Huelva,apps corporativas huelva,Phrase,,https://alpa.digital/automatizacion-ia/huelva,,,,,,,,,,,,,,,,,,,,,
Búsqueda · Local Huelva,Search,3,Google search,es,"Huelva, Andalucía, Spain",IA y automatización Huelva,chatbot whatsapp huelva,Phrase,,https://alpa.digital/automatizacion-ia/huelva,,,,,,,,,,,,,,,,,,,,,
Búsqueda · Local Huelva,Search,3,Google search,es,"Huelva, Andalucía, Spain",IA y automatización Huelva,consultoría ia huelva,Phrase,,https://alpa.digital/automatizacion-ia/huelva,,,,,,,,,,,,,,,,,,,,,
Búsqueda · Local Huelva,Search,3,Google search,es,"Huelva, Andalucía, Spain",IA y automatización Huelva,,,Responsive search ad,https://alpa.digital/automatizacion-ia/huelva,ia,huelva,Automatización con IA en Huelva,Empresa de IA en Huelva,Visita presencial sin coste,"Sede en Utrera, Sevilla",Precio cerrado desde 1.500 €,Diagnóstico de automatización 490 €,Apps y agentes de IA para pymes de Huelva,"Facturas, presupuestos y pedidos",Con tus herramientas de siempre,Sistemas de IA a medida,Formación y soporte incluidos,Resultados en semanas,Analiza tu web gratis,Reserva una llamada gratuita,Alpa Digital,"Diagnóstico por 490 € y automatizaciones desde 1.500 € con precio cerrado. Sede en Utrera, Sevilla.","Conectamos la IA a las herramientas que ya usas: correo, WhatsApp, CRM y facturación. Sin cambiar de sistema.",Empieza por un proceso y crece hasta un sistema completo de apps y agentes. Precio cerrado por fase.,Analiza tu web gratis en 30 segundos y descubre qué automatizar primero. Reserva una llamada sin compromiso.
Búsqueda · Local Córdoba,Search,4,Google search,es,"Córdoba, Andalucía, Spain",IA y automatización Córdoba,automatización ia córdoba,Phrase,,https://alpa.digital/automatizacion-ia/cordoba,,,,,,,,,,,,,,,,,,,,,
Búsqueda · Local Córdoba,Search,4,Google search,es,"Córdoba, Andalucía, Spain",IA y automatización Córdoba,empresa inteligencia artificial córdoba,Phrase,,https://alpa.digital/automatizacion-ia/cordoba,,,,,,,,,,,,,,,,,,,,,
Búsqueda · Local Córdoba,Search,4,Google search,es,"Córdoba, Andalucía, Spain",IA y automatización Córdoba,automatizar empresa córdoba,Phrase,,https://alpa.digital/automatizacion-ia/cordoba,,,,,,,,,,,,,,,,,,,,,
Búsqueda · Local Córdoba,Search,4,Google search,es,"Córdoba, Andalucía, Spain",IA y automatización Córdoba,agencia ia córdoba,Phrase,,https://alpa.digital/automatizacion-ia/cordoba,,,,,,,,,,,,,,,,,,,,,
Búsqueda · Local Córdoba,Search,4,Google search,es,"Córdoba, Andalucía, Spain",IA y automatización Córdoba,desarrollo software córdoba,Phrase,,https://alpa.digital/automatizacion-ia/cordoba,,,,,,,,,,,,,,,,,,,,,
Búsqueda · Local Córdoba,Search,4,Google search,es,"Córdoba, Andalucía, Spain",IA y automatización Córdoba,apps corporativas córdoba,Phrase,,https://alpa.digital/automatizacion-ia/cordoba,,,,,,,,,,,,,,,,,,,,,
Búsqueda · Local Córdoba,Search,4,Google search,es,"Córdoba, Andalucía, Spain",IA y automatización Córdoba,chatbot whatsapp córdoba,Phrase,,https://alpa.digital/automatizacion-ia/cordoba,,,,,,,,,,,,,,,,,,,,,
Búsqueda · Local Córdoba,Search,4,Google search,es,"Córdoba, Andalucía, Spain",IA y automatización Córdoba,consultoría ia córdoba,Phrase,,https://alpa.digital/automatizacion-ia/cordoba,,,,,,,,,,,,,,,,,,,,,
Búsqueda · Local Córdoba,Search,4,Google search,es,"Córdoba, Andalucía, Spain",IA y automatización Córdoba,,,Responsive search ad,https://alpa.digital/automatizacion-ia/cordoba,ia,cordoba,Automatización con IA en Córdoba,Empresa de IA en Córdoba,Visita presencial sin coste,"Sede en Utrera, Sevilla",Precio cerrado desde 1.500 €,Diagnóstico de automatización 490 €,Apps y agentes de IA para pymes de Córdoba,"Facturas, presupuestos y pedidos",Con tus herramientas de siempre,Sistemas de IA a medida,Formación y soporte incluidos,Resultados en semanas,Analiza tu web gratis,Reserva una llamada gratuita,Alpa Digital,"Diagnóstico por 490 € y automatizaciones desde 1.500 € con precio cerrado. Sede en Utrera, Sevilla.","Conectamos la IA a las herramientas que ya usas: correo, WhatsApp, CRM y facturación. Sin cambiar de sistema.",Empieza por un proceso y crece hasta un sistema completo de apps y agentes. Precio cerrado por fase.,Analiza tu web gratis en 30 segundos y descubre qué automatizar primero. Reserva una llamada sin compromiso.
Búsqueda · Local Málaga,Search,6,Google search,es,"Málaga, Andalucía, Spain",IA y automatización Málaga,automatización ia málaga,Phrase,,https://alpa.digital/automatizacion-ia/malaga,,,,,,,,,,,,,,,,,,,,,
Búsqueda · Local Málaga,Search,6,Google search,es,"Málaga, Andalucía, Spain",IA y automatización Málaga,empresa inteligencia artificial málaga,Phrase,,https://alpa.digital/automatizacion-ia/malaga,,,,,,,,,,,,,,,,,,,,,
Búsqueda · Local Málaga,Search,6,Google search,es,"Málaga, Andalucía, Spain",IA y automatización Málaga,automatizar empresa málaga,Phrase,,https://alpa.digital/automatizacion-ia/malaga,,,,,,,,,,,,,,,,,,,,,
Búsqueda · Local Málaga,Search,6,Google search,es,"Málaga, Andalucía, Spain",IA y automatización Málaga,agencia ia málaga,Phrase,,https://alpa.digital/automatizacion-ia/malaga,,,,,,,,,,,,,,,,,,,,,
Búsqueda · Local Málaga,Search,6,Google search,es,"Málaga, Andalucía, Spain",IA y automatización Málaga,desarrollo software málaga,Phrase,,https://alpa.digital/automatizacion-ia/malaga,,,,,,,,,,,,,,,,,,,,,
Búsqueda · Local Málaga,Search,6,Google search,es,"Málaga, Andalucía, Spain",IA y automatización Málaga,apps corporativas málaga,Phrase,,https://alpa.digital/automatizacion-ia/malaga,,,,,,,,,,,,,,,,,,,,,
Búsqueda · Local Málaga,Search,6,Google search,es,"Málaga, Andalucía, Spain",IA y automatización Málaga,chatbot whatsapp málaga,Phrase,,https://alpa.digital/automatizacion-ia/malaga,,,,,,,,,,,,,,,,,,,,,
Búsqueda · Local Málaga,Search,6,Google search,es,"Málaga, Andalucía, Spain",IA y automatización Málaga,consultoría ia málaga,Phrase,,https://alpa.digital/automatizacion-ia/malaga,,,,,,,,,,,,,,,,,,,,,
Búsqueda · Local Málaga,Search,6,Google search,es,"Málaga, Andalucía, Spain",IA y automatización Málaga,,,Responsive search ad,https://alpa.digital/automatizacion-ia/malaga,ia,malaga,Automatización con IA en Málaga,Empresa de IA en Málaga,Visita presencial sin coste,"Sede en Utrera, Sevilla",Precio cerrado desde 1.500 €,Diagnóstico de automatización 490 €,Apps y agentes de IA para pymes de Málaga,"Facturas, presupuestos y pedidos",Con tus herramientas de siempre,Sistemas de IA a medida,Formación y soporte incluidos,Resultados en semanas,Analiza tu web gratis,Reserva una llamada gratuita,Alpa Digital,"Diagnóstico por 490 € y automatizaciones desde 1.500 € con precio cerrado. Sede en Utrera, Sevilla.","Conectamos la IA a las herramientas que ya usas: correo, WhatsApp, CRM y facturación. Sin cambiar de sistema.",Empieza por un proceso y crece hasta un sistema completo de apps y agentes. Precio cerrado por fase.,Analiza tu web gratis en 30 segundos y descubre qué automatizar primero. Reserva una llamada sin compromiso.
Búsqueda · Local Badajoz,Search,3,Google search,es,"Badajoz, Extremadura, Spain",IA y automatización Badajoz,automatización ia badajoz,Phrase,,https://alpa.digital/automatizacion-ia/badajoz,,,,,,,,,,,,,,,,,,,,,
Búsqueda · Local Badajoz,Search,3,Google search,es,"Badajoz, Extremadura, Spain",IA y automatización Badajoz,empresa inteligencia artificial badajoz,Phrase,,https://alpa.digital/automatizacion-ia/badajoz,,,,,,,,,,,,,,,,,,,,,
Búsqueda · Local Badajoz,Search,3,Google search,es,"Badajoz, Extremadura, Spain",IA y automatización Badajoz,automatizar empresa badajoz,Phrase,,https://alpa.digital/automatizacion-ia/badajoz,,,,,,,,,,,,,,,,,,,,,
Búsqueda · Local Badajoz,Search,3,Google search,es,"Badajoz, Extremadura, Spain",IA y automatización Badajoz,agencia ia badajoz,Phrase,,https://alpa.digital/automatizacion-ia/badajoz,,,,,,,,,,,,,,,,,,,,,
Búsqueda · Local Badajoz,Search,3,Google search,es,"Badajoz, Extremadura, Spain",IA y automatización Badajoz,desarrollo software badajoz,Phrase,,https://alpa.digital/automatizacion-ia/badajoz,,,,,,,,,,,,,,,,,,,,,
Búsqueda · Local Badajoz,Search,3,Google search,es,"Badajoz, Extremadura, Spain",IA y automatización Badajoz,apps corporativas badajoz,Phrase,,https://alpa.digital/automatizacion-ia/badajoz,,,,,,,,,,,,,,,,,,,,,
Búsqueda · Local Badajoz,Search,3,Google search,es,"Badajoz, Extremadura, Spain",IA y automatización Badajoz,chatbot whatsapp badajoz,Phrase,,https://alpa.digital/automatizacion-ia/badajoz,,,,,,,,,,,,,,,,,,,,,
Búsqueda · Local Badajoz,Search,3,Google search,es,"Badajoz, Extremadura, Spain",IA y automatización Badajoz,consultoría ia badajoz,Phrase,,https://alpa.digital/automatizacion-ia/badajoz,,,,,,,,,,,,,,,,,,,,,
Búsqueda · Local Badajoz,Search,3,Google search,es,"Badajoz, Extremadura, Spain",IA y automatización Badajoz,,,Responsive search ad,https://alpa.digital/automatizacion-ia/badajoz,ia,badajoz,Automatización con IA en Badajoz,Empresa de IA en Badajoz,Visita presencial sin coste,"Sede en Utrera, Sevilla",Precio cerrado desde 1.500 €,Diagnóstico de automatización 490 €,Apps y agentes de IA para pymes de Badajoz,"Facturas, presupuestos y pedidos",Con tus herramientas de siempre,Sistemas de IA a medida,Formación y soporte incluidos,Resultados en semanas,Analiza tu web gratis,Reserva una llamada gratuita,Alpa Digital,"Diagnóstico por 490 € y automatizaciones desde 1.500 € con precio cerrado. Sede en Utrera, Sevilla.","Conectamos la IA a las herramientas que ya usas: correo, WhatsApp, CRM y facturación. Sin cambiar de sistema.",Empieza por un proceso y crece hasta un sistema completo de apps y agentes. Precio cerrado por fase.,Analiza tu web gratis en 30 segundos y descubre qué automatizar primero. Reserva una llamada sin compromiso.
Búsqueda · Marca,Search,2,Google search,es,España,Alpa Digital,alpa digital,Phrase,,https://alpa.digital,,,,,,,,,,,,,,,,,,,,,
Búsqueda · Marca,Search,2,Google search,es,España,Alpa Digital,alpa digital studio,Phrase,,https://alpa.digital,,,,,,,,,,,,,,,,,,,,,
Búsqueda · Marca,Search,2,Google search,es,España,Alpa Digital,alpa digital utrera,Phrase,,https://alpa.digital,,,,,,,,,,,,,,,,,,,,,
Búsqueda · Marca,Search,2,Google search,es,España,Alpa Digital,alpa digital,Exact,,https://alpa.digital,,,,,,,,,,,,,,,,,,,,,
Búsqueda · Marca,Search,2,Google search,es,España,Alpa Digital,,,Responsive search ad,https://alpa.digital,,,Alpa Digital · Sistemas de IA,Automatización e IA para pymes,"Sede en Utrera, Sevilla",Diagnóstico 490 €,Automatizaciones desde 1.500 €,Apps corporativas y agentes de IA,Analiza tu web gratis,Reserva una llamada gratuita,,,,,,,,"Diagnóstico por 490 € y automatizaciones desde 1.500 € con precio cerrado. Sede en Utrera, Sevilla.","Conectamos la IA a las herramientas que ya usas: correo, WhatsApp, CRM y facturación. Sin cambiar de sistema.",Empieza por un proceso y crece hasta un sistema completo de apps y agentes. Precio cerrado por fase.,Analiza tu web gratis en 30 segundos y descubre qué automatizar primero. Reserva una llamada sin compromiso.
